CD,CL,L_over_D,base_lifting_line_CD,cl_scale,condition,drag_N,lift_N,method,pressure_base_CD,pressure_drag_N,pressure_proxy,pressure_rise_CD,scaled_reference_CD,separation_CD,strip_profile_CD,viscous_drag_N
0.012978151370067933,0.30120961699031235,23.208977026189185,,,cruise,5.090887518254171,118.15429145407433,aerobuildup,,,,,,,,
0.012388380897793068,0.28848843432967175,23.287016819208763,0.012388380897793068,,cruise,4.859540614498396,113.16420402345226,lifting_line_plus_sep,,,,0.0,,0.0,0.006646228154553946,
0.026849819888917242,0.2920674590341458,10.877818184348493,,1.0124061289070054,cruise,10.532271433904988,114.56813372622585,calibrated_bwb_surrogate,0.014074524135613732,,0.0,,0.012775295753303509,,,
0.026849819888917242,0.2920674590341459,10.877818184348495,,,cruise,10.634684,115.682159,cfd,,9.550196799999998,,,,,,1.0844873099999999
0.045778794153960314,0.7332026039455597,16.016206138582408,,,takeoff,8.110468403278098,129.89893382736133,aerobuildup,,,,,,,,
0.035625791903741356,0.6562526440461862,18.420717378559317,0.03546731429426203,,takeoff,6.31169660356942,116.26597931356504,lifting_line_plus_sep,,,,0.00015847760947932627,,0.0,0.009037723935156892,
0.023449529154348024,0.3849466168297004,16.415963591248627,,0.5865829575272665,takeoff,4.15447083727161,68.19964200555495,calibrated_bwb_surrogate,0.014074524135613732,,0.3620985163580084,,0.00937500501873429,,,
0.02344952915434802,0.38494661682970055,16.415963591248637,,,takeoff,4.1544737,68.199689,cfd,,3.7386817999999997,,,,,,0.41579188
