{
  "project_json": "D:\\AI code\\flying wing tool\\Full Set\\FWT_V1-0\\X48_10ft_Approx_FWT.json",
  "reference_area_m2": 2.323654,
  "conditions": {
    "cruise": {
      "flight_condition": {
        "alpha_deg": 0.0,
        "velocity_m_s": 19.948574974586975,
        "altitude_m": 100.0
      },
      "aerobuildup": {
        "CL": 0.20192356525975924,
        "CD": 0.009907522070765989,
        "CM": -0.03188863846780398,
        "L_over_D": 20.380834260826205,
        "lift_N": 113.2624019202073,
        "drag_N": 5.557299591896875,
        "reference_area_m2": 2.323654,
        "dynamic_pressure_Pa": 241.3944612028965,
        "geometry_reference": {
          "x_np": 0.9040132728068223,
          "mac": 1.136337386679148,
          "x_cg": 0.824469655739282
        }
      },
      "lifting_line_plus_sep": {
        "CL": 0.07366223509376837,
        "CD": 0.0073679727842465076,
        "CM": -0.0334961643250332,
        "L_over_D": 9.997625839670023,
        "lift_N": 41.31841504877528,
        "drag_N": 4.132822703248816,
        "base_lifting_line_CD": 0.0073679727842465076,
        "base_lifting_line_drag_N": 4.132822703248816,
        "strip_profile_CD": 0.005747351160537754,
        "strip_profile_drag_N": 3.223788151145153,
        "pressure_rise_CD": 0.0,
        "pressure_rise_drag_N": 0.0,
        "separation_CD": 0.0,
        "separation_drag_N": 0.0,
        "dynamic_pressure_Pa": 241.3944612028965,
        "reference_area_m2": 2.323654,
        "geometry_reference": {
          "x_np": 0.9040132728068223,
          "mac": 1.136337386679148,
          "x_cg": 0.824469655739282
        },
        "strip_diagnostics": {
          "active_sep_strip_count": 1,
          "active_pressure_rise_strip_count": 0,
          "min_alpha_margin_deg": -0.25,
          "min_alpha_margin_y_m": 1.524,
          "max_alpha_excess_deg": 0.25,
          "max_alpha_excess_y_m": 1.524,
          "max_cd_pressure_rise": 0.0,
          "max_cd_pressure_rise_y_m": 0.0,
          "max_cd_separation": 0.0,
          "max_cd_separation_y_m": 0.0,
          "max_thickness_ratio": 0.10004833302099847,
          "max_thickness_y_m": 0.0,
          "max_cl_local": 0.3127936485848072,
          "max_cl_local_y_m": 1.524
        }
      },
      "calibrated_bwb_surrogate": {
        "CL": 0.07581184800075803,
        "CD": 0.01116290184042612,
        "CM": -0.03447365010286875,
        "L_over_D": 6.791410431130699,
        "lift_N": 42.52416991315241,
        "drag_N": 6.261463703950017,
        "pressure_proxy": 0.0,
        "cl_scale": 1.0291820212114566,
        "reference_CD": 0.0073679727842465076,
        "scaled_reference_CD": 0.008755907370158213,
        "pressure_base_CD": 0.002406994470267906,
        "separation_CD": 0.0,
        "dynamic_pressure_Pa": 241.3944612028965,
        "reference_area_m2": 2.323654,
        "geometry_reference": {
          "x_np": 0.9040132728068223,
          "mac": 1.136337386679148,
          "x_cg": 0.824469655739282
        }
      },
      "cfd": {
        "CL": 0.1559206579013886,
        "CD": 0.010007955175231063,
        "L_over_D": 15.57967188814759,
        "lift_N": 88.30899999999998,
        "drag_N": 5.668219499999999,
        "pressure_drag_N": 4.207442799999998,
        "viscous_drag_N": 1.46077695,
        "raw_last": {
          "time": 400.0,
          "Cd_raw": 11627.5,
          "Cl_raw": 181158.7,
          "drag_full_N": 5.668229999999999,
          "lift_full_N": 88.31206,
          "pressure_drag_N": 4.2074419999999995,
          "viscous_drag_N": 1.4607869999999998
        },
        "average_count": 20,
        "geometry_scale": {
          "source": "D:\\AI code\\flying wing tool\\Full Set\\FWT_V1-0\\BARAM\\studies\\x48_10ft_fine_validation\\variants\\cruise_fine\\IntendedValidation2.bm\\case\\constant\\triSurface\\IntendedValidation2CFDmesh_surface.obj",
          "length_scale_to_m": 0.001,
          "area_scale_to_m2": 1e-06,
          "inferred_units": "mm",
          "bbox_min": [
            0.0,
            0.0,
            5.665719509124756
          ],
          "bbox_max": [
            749.3699951171875,
            1512.4381103515625,
            146.0742950439453
          ],
          "bbox_span": [
            749.3699951171875,
            1512.4381103515625,
            140.40857553482056
          ],
          "note": "Geometry span is millimeter-scale; postprocessing scales forces by 1e-6 to recover physical SI values."
        },
        "drag_dir": [
          1.0,
          0.0,
          0.0
        ],
        "lift_dir": [
          0.0,
          0.0,
          1.0
        ],
        "source": "D:\\AI code\\flying wing tool\\Full Set\\FWT_V1-0\\BARAM\\studies\\x48_10ft_fine_validation\\variants\\cruise_fine\\IntendedValidation2.bm",
        "source_type": "case_root"
      },
      "delta_vs_cfd": {
        "aerobuildup_minus_cfd": {
          "delta_CL": 0.04600290735837065,
          "delta_CD": -0.00010043310446507421,
          "delta_L_over_D": 4.801162372678615
        },
        "low_order_minus_cfd": {
          "delta_CL": -0.08225842280762022,
          "delta_CD": -0.0026399823909845554,
          "delta_L_over_D": -5.582046048477567
        },
        "calibrated_bwb_surrogate_minus_cfd": {
          "delta_CL": -0.08010880990063056,
          "delta_CD": 0.0011549466651950575,
          "delta_L_over_D": -8.78826145701689
        }
      }
    },
    "takeoff": {
      "flight_condition": {
        "alpha_deg": 5.094406045236825,
        "velocity_m_s": 13.341701334814617,
        "altitude_m": 0.0
      },
      "aerobuildup": {
        "CL": 0.5239572610741363,
        "CD": 0.03475264231401833,
        "CM": -0.08640497314145958,
        "L_over_D": 15.07676038960598,
        "lift_N": 132.73808456068883,
        "drag_N": 8.804151630094179,
        "reference_area_m2": 2.323654,
        "dynamic_pressure_Pa": 109.02553400936604,
        "geometry_reference": {
          "x_np": 0.9040132728068223,
          "mac": 1.136337386679148,
          "x_cg": 0.824469655739282
        }
      },
      "lifting_line_plus_sep": {
        "CL": 0.21477940024309963,
        "CD": 0.01889864084463875,
        "CM": -0.07849005204148565,
        "L_over_D": 11.36480670799293,
        "lift_N": 54.41170169665558,
        "drag_N": 4.787736658854702,
        "base_lifting_line_CD": 0.01889864084463875,
        "base_lifting_line_drag_N": 4.787736658854702,
        "strip_profile_CD": 0.015533319554068833,
        "strip_profile_drag_N": 3.9351741786138756,
        "pressure_rise_CD": 0.0,
        "pressure_rise_drag_N": 0.0,
        "separation_CD": 0.0,
        "separation_drag_N": 0.0,
        "dynamic_pressure_Pa": 109.02553400936604,
        "reference_area_m2": 2.323654,
        "geometry_reference": {
          "x_np": 0.9040132728068223,
          "mac": 1.136337386679148,
          "x_cg": 0.824469655739282
        },
        "strip_diagnostics": {
          "active_sep_strip_count": 9,
          "active_pressure_rise_strip_count": 0,
          "min_alpha_margin_deg": -17.5,
          "min_alpha_margin_y_m": 1.4097000000000002,
          "max_alpha_excess_deg": 17.5,
          "max_alpha_excess_y_m": 1.4097000000000002,
          "max_cd_pressure_rise": 0.0,
          "max_cd_pressure_rise_y_m": 0.0,
          "max_cd_separation": 0.0,
          "max_cd_separation_y_m": 0.0,
          "max_thickness_ratio": 0.10004833302099847,
          "max_thickness_y_m": 0.0,
          "max_cl_local": 1.1452716672068792,
          "max_cl_local_y_m": 1.524
        }
      },
      "calibrated_bwb_surrogate": {
        "CL": 0.2210470972567777,
        "CD": 0.024865648092244865,
        "CM": -0.08078055040504863,
        "L_over_D": 8.88965758852343,
        "lift_N": 55.99954512971883,
        "drag_N": 6.299404062763271,
        "pressure_proxy": 0.0,
        "cl_scale": 1.0291820212114566,
        "reference_CD": 0.01889864084463875,