CD,CL,L_over_D,base_low_order_relieved_CD,body_delta_CD,body_delta_CL,body_drag_retention,body_lift_retention,body_pressure_proxy,body_symmetric_relief_CL,body_symmetry_factor,condition,drag_N,lift_N,method
0.009907522070765989,0.20192356525975924,20.380834260826205,,,,,,,,,cruise,5.557299591896875,113.2624019202073,aerobuildup
0.0073679727842465076,0.07366223509376837,9.997625839670023,,,,,,,,,cruise,4.132822703248816,41.31841504877528,lifting_line_plus_sep
0.010031184120325595,0.1558409640117265,15.535649843766219,0.0073679727842465076,0.002663211336079088,0.08217872891795813,1.0,1.0,0.0,-0.0,0.0012112330455132925,cruise,5.626663763143944,87.41387801281226,hybrid_bwb_body
0.010007955175231063,0.1559206579013886,15.57967188814759,,,,,,,,,cruise,5.668219499999999,88.30899999999998,cfd
0.03475264231401833,0.5239572610741363,15.07676038960598,,,,,,,,,takeoff,8.804151630094179,132.73808456068883,aerobuildup
0.01889864084463875,0.21477940024309963,11.36480670799293,,,,,,,,,takeoff,4.787736658854702,54.41170169665558,lifting_line_plus_sep
0.02604639453179205,0.19328821514716582,7.4209201934355855,0.018896251374784893,0.007150143157007155,-0.021491185095933826,1.0,-0.2530793234064985,0.0,-0.0,0.0010900334905214052,takeoff,6.598531553459827,48.96717605209191,hybrid_bwb_body
0.02602059475743992,0.1935724233294682,7.439200569161515,,,,,,,,,takeoff,6.592000042433,49.039210467580304,cfd
