{
  "project_json": "D:\\AI code\\flying wing tool\\Full Set\\FWT_V1-0\\X48_10ft_Approx_FWT.json",
  "reference_area_m2": 2.323654,
  "body_proxies": {
    "body_area_m2": 2.246191,
    "body_area_ratio": 0.9666632811941882,
    "body_camber_area_ratio": 0.01777034701286601,
    "body_mean_thickness_ratio": 0.09045239357567722,
    "body_length_m": 1.928,
    "body_form_drag_proxy": 0.01749652254758381,
    "body_peak_cross_section_area_m2": 0.15650745594021817
  },
  "hybrid_settings": {
    "calibration_condition": "cruise",
    "body_alpha_break_sweep_factor": 0.095,
    "body_drag_pressure_decay": 0.06,
    "body_x_samples": 600
  },
  "hybrid_calibration": {
    "reference_condition": "cruise",
    "lift_gain_per_camber_area_ratio": 4.628971102706314,
    "drag_gain_per_form_proxy": 0.15088611944486793
  },
  "conditions": {
    "cruise": {
      "flight_condition": {
        "alpha_deg": 0.0,
        "velocity_m_s": 19.948574974586975,
        "altitude_m": 100.0
      },
      "aerobuildup": {
        "CL": 0.20192356525975924,
        "CD": 0.009907522070765989,
        "CM": -0.03188863846780398,
        "L_over_D": 20.380834260826205,
        "lift_N": 113.2624019202073,
        "drag_N": 5.557299591896875,
        "reference_area_m2": 2.323654,
        "dynamic_pressure_Pa": 241.3944612028965,
        "geometry_reference": {
          "x_np": 0.9040132728068223,
          "mac": 1.136337386679148,
          "x_cg": 0.824469655739282
        }
      },
      "lifting_line_plus_sep": {
        "CL": 0.07366223509376837,
        "CD": 0.0073679727842465076,
        "CM": -0.0334961643250332,
        "L_over_D": 9.997625839670023,
        "lift_N": 41.31841504877528,
        "drag_N": 4.132822703248816,
        "base_lifting_line_CD": 0.0073679727842465076,
        "base_lifting_line_drag_N": 4.132822703248816,
        "strip_profile_CD": 0.006209727153824808,
        "strip_profile_drag_N": 3.483142801121562,
        "pressure_rise_CD": 0.0,
        "pressure_rise_drag_N": 0.0,
        "separation_CD": 0.0,
        "separation_drag_N": 0.0,
        "dynamic_pressure_Pa": 241.3944612028965,
        "reference_area_m2": 2.323654,
        "geometry_reference": {
          "x_np": 0.9040132728068223,
          "mac": 1.136337386679148,
          "x_cg": 0.824469655739282
        },
        "strip_diagnostics": {
          "active_sep_strip_count": 0,
          "active_pressure_rise_strip_count": 0,
          "min_alpha_margin_deg": 0.25,
          "min_alpha_margin_y_m": 1.4478,
          "max_alpha_excess_deg": 0.0,
          "max_alpha_excess_y_m": 0.0,
          "max_cd_pressure_rise": 0.0,
          "max_cd_pressure_rise_y_m": 0.0,
          "max_cd_separation": 0.0,
          "max_cd_separation_y_m": 0.0,
          "max_thickness_ratio": 0.10004833302099847,
          "max_thickness_y_m": 0.0,
          "max_cl_local": 0.4071304378348635,
          "max_cl_local_y_m": 1.0287
        }
      },
      "hybrid_bwb_body": {
        "CL": 0.1559206579013886,
        "CD": 0.010007955175231063,
        "CM": -0.0709012422998556,
        "L_over_D": 15.579671888147592,
        "lift_N": 87.45857968668514,
        "drag_N": 5.613634248178245,
        "dynamic_pressure_Pa": 241.3944612028965,
        "reference_area_m2": 2.323654,
        "geometry_reference": {
          "x_np": 0.9040132728068223,
          "mac": 1.136337386679148,
          "x_cg": 0.824469655739282
        },
        "body_pressure_proxy": 0.0,
        "body_alpha_break_deg": 4.503567199081302,
        "body_lift_retention": 1.0,
        "body_drag_retention": 1.0,
        "body_delta_CL": 0.08225842280762022,
        "body_delta_CD": 0.0026399823909845554,
        "base_low_order_CL": 0.07366223509376837,
        "base_low_order_CD": 0.0073679727842465076
      },
      "cfd": {
        "CL": 0.1559206579013886,
        "CD": 0.010007955175231063,
        "L_over_D": 15.57967188814759,
        "lift_N": 88.30899999999998,
        "drag_N": 5.668219499999999,
        "pressure_drag_N": 4.207442799999998,
        "viscous_drag_N": 1.46077695,
        "raw_last": {
          "time": 400.0,
          "Cd_raw": 11627.5,
          "Cl_raw": 181158.7,
          "drag_full_N": 5.668229999999999,
          "lift_full_N": 88.31206,
          "pressure_drag_N": 4.2074419999999995,
          "viscous_drag_N": 1.4607869999999998
        },
        "average_count": 20,
        "geometry_scale": {
          "source": "D:\\AI code\\flying wing tool\\Full Set\\FWT_V1-0\\BARAM\\studies\\x48_10ft_fine_validation\\variants\\cruise_fine\\IntendedValidation2.bm\\case\\constant\\triSurface\\IntendedValidation2CFDmesh_surface.obj",
          "length_scale_to_m": 0.001,
          "area_scale_to_m2": 1e-06,
          "inferred_units": "mm",
          "bbox_min": [
            0.0,
            0.0,
            5.665719509124756
          ],
          "bbox_max": [
            749.3699951171875,
            1512.4381103515625,
            146.0742950439453
          ],
          "bbox_span": [
            749.3699951171875,
            1512.4381103515625,
            140.40857553482056
          ],
          "note": "Geometry span is millimeter-scale; postprocessing scales forces by 1e-6 to recover physical SI values."
        },
        "drag_dir": [
          1.0,
          0.0,
          0.0
        ],
        "lift_dir": [
          0.0,
          0.0,
          1.0
        ],
        "source": "D:\\AI code\\flying wing tool\\Full Set\\FWT_V1-0\\BARAM\\studies\\x48_10ft_fine_validation\\variants\\cruise_fine\\IntendedValidation2.bm",
        "source_type": "case_root"
      },
      "delta_vs_cfd": {
        "aerobuildup_minus_cfd": {
          "delta_CL": 0.04600290735837065,
          "delta_CD": -0.00010043310446507421,
          "delta_L_over_D": 4.801162372678615
        },
        "low_order_minus_cfd": {
          "delta_CL": -0.08225842280762022,
          "delta_CD": -0.0026399823909845554,
          "delta_L_over_D": -5.582046048477567
        },
        "hybrid_bwb_body_minus_cfd": {
          "delta_CL": 0.0,
          "delta_CD": 0.0,
          "delta_L_over_D": 1.7763568394002505e-15
        }
      }
    },
    "takeoff": {
      "flight_condition": {
        "alpha_deg": 5.094406045236825,
        "velocity_m_s": 13.341701334814617,
        "altitude_m": 0.0
      },
      "aerobuildup": {
        "CL": 0.5239572610741363,
        "CD": 0.03475264231401833,
        "CM": -0.08640497314145958,
        "L_over_D": 15.07676038960598,
        "lift_N": 132.73808456068883,
        "drag_N": 8.804151630094179,
        "reference_area_m2": 2.323654,
        "dynamic_pressure_Pa": 109.02553400936604,
        "geometry_reference": {
          "x_np": 0.9040132728068223,
          "mac": 1.136337386679148,
          "x_cg": 0.824469655739282
        }
      },
      "lifting_line_plus_sep": {
        "CL": 0.21477940024309963,
        "CD": 0.02445114224900973,
        "CM": -0.07849005204148565,
        "L_over_D": 8.784023177968226,
        "lift_N": 54.41170169665558,
        "drag_N": 6.194394139706856,
        "base_lifting_line_CD": 0.01889864084463875,
        "base_lifting_line_drag_N": 4.787736658854702,
        "strip_profile_CD": 0.02124187077657681,
        "strip_profile_drag_N": 5.381364948713867,
        "pressure_rise_CD": 0.003081491051376899,
        "pressure_rise_drag_N": 0.7806576034696802,
        "separation_CD": 0.002471010352994083,
        "separation_drag_N": 0.6259998773824739,
        "dynamic_pressure_Pa": 109.02553400936604,
        "reference_area_m2": 2.323654,
        "geometry_reference": {
          "x_np": 0.9040132728068223,
          "mac": 1.136337386679148,
          "x_cg": 0.824469655739282
        },
        "strip_diagnostics": {
          "active_sep_strip_count": 15,
          "active_pressure_rise_strip_count": 8,
          "min_alpha_margin_deg": -15.75,
          "min_alpha_margin_y_m": 1.3716000000000002,