CD,CL,L_over_D,body_delta_CD,body_delta_CL,body_drag_retention,body_lift_retention,body_pressure_proxy,condition,drag_N,lift_N,method
0.009907522070765989,0.20192356525975924,20.380834260826205,,,,,,cruise,5.557299591896875,113.2624019202073,aerobuildup
0.0073679727842465076,0.07366223509376837,9.997625839670023,,,,,,cruise,4.132822703248816,41.31841504877528,lifting_line_plus_sep
0.010007955175231063,0.1559206579013886,15.579671888147592,0.0026399823909845554,0.08225842280762022,1.0,1.0,0.0,cruise,5.613634248178245,87.45857968668514,hybrid_bwb_body
0.010007955175231063,0.1559206579013886,15.57967188814759,,,,,,cruise,5.668219499999999,88.30899999999998,cfd
0.03475264231401833,0.5239572610741363,15.07676038960598,,,,,,takeoff,8.804151630094179,132.73808456068883,aerobuildup
0.02445114224900973,0.21477940024309963,8.784023177968226,,,,,,takeoff,6.194394139706856,54.41170169665558,lifting_line_plus_sep
0.026038092595386492,0.1917800450799367,7.36536458565006,0.0015869503463767608,-0.022999355163162927,0.6011215649756373,-0.2795987860957665,0.030537485623612793,takeoff,6.596428360664369,48.58509983941503,hybrid_bwb_body
0.02602059475743992,0.1935724233294682,7.439200569161515,,,,,,takeoff,6.592000042433,49.039210467580304,cfd
