{
  "source_model_summary": "D:\\AI code\\flying wing tool\\Full Set\\FWT_V1-0\\Reports\\Report\\drag_model_vs_cfd\\x48_10ft\\drag_model_comparison_summary.json",
  "reference_area_m2": 2.323654,
  "reference_density_kg_m3": 1.225,
  "average_count": 20,
  "conditions": {
    "cruise": {
      "flight_condition": {
        "alpha_deg": 0.0,
        "velocity_m_s": 19.948574974586975,
        "altitude_m": 100.0
      },
      "cfd": {
        "CD": 0.010007955175231063,
        "CL": 0.1559206579013886,
        "L_over_D": 15.57967188814759,
        "drag_N": 5.6682195,
        "lift_N": 88.309,
        "pressure_drag_N": 4.2074428,
        "viscous_drag_N": 1.46077695,
        "rows": 400,
        "coeff_source": "D:\\AI code\\flying wing tool\\Full Set\\FWT_V1-0\\BARAM\\studies\\x48_10ft_fine_validation\\variants\\cruise_fine\\IntendedValidation2.bm\\case\\postProcessing\\force-mon-1\\0\\coefficient.dat",
        "force_source": "D:\\AI code\\flying wing tool\\Full Set\\FWT_V1-0\\BARAM\\studies\\x48_10ft_fine_validation\\variants\\cruise_fine\\IntendedValidation2.bm\\case\\postProcessing\\force-mon-1_forces\\0\\force.dat",
        "drag_dir": [
          1.0,
          0.0,
          0.0
        ],
        "lift_dir": [
          0.0,
          0.0,
          1.0
        ]
      },
      "methods": {
        "aerobuildup": {
          "CD": 0.009907522070765992,
          "CL": 0.20192356525975932,
          "L_over_D": 20.380834260826205,
          "lift_N": 113.26240192020735,
          "drag_N": 5.557299591896877,
          "delta_vs_cfd": {
            "delta_CD": -0.00010043310446507074,
            "delta_CD_percent": -1.003532716789491,
            "delta_CL": 0.04600290735837073,
            "delta_CL_percent": 29.504049032082133,
            "delta_L_over_D": 4.801162372678615
          }
        },
        "lifting_line_plus_sep": {
          "CD": 0.007367972784246526,
          "CL": 0.07366223509376812,
          "L_over_D": 9.997625839669965,
          "lift_N": 41.31841504877514,
          "drag_N": 4.132822703248825,
          "delta_vs_cfd": {
            "delta_CD": -0.002639982390984537,
            "delta_CD_percent": -26.378839081117142,
            "delta_CL": -0.08225842280762047,
            "delta_CL_percent": -52.75659038050268,
            "delta_L_over_D": -5.5820460484776255
          }
        },
        "calibrated_bwb_surrogate": {
          "CD": 0.021672614006890505,
          "CL": 0.07457609827791974,
          "L_over_D": 3.441029229524842,
          "lift_N": 41.8310166321035,
          "drag_N": 12.156542081416664,
          "delta_vs_cfd": {
            "delta_CD": 0.011664658831659442,
            "delta_CD_percent": 116.55386767247516,
            "delta_CL": -0.08134455962346886,
            "delta_CL_percent": -52.17048255075662,
            "delta_L_over_D": -12.138642658622748
          }
        }
      }
    },
    "takeoff": {
      "flight_condition": {
        "alpha_deg": 5.094406045236825,
        "velocity_m_s": 13.341701334814617,
        "altitude_m": 0.0
      },
      "cfd": {
        "CD": 0.026020594757439924,
        "CL": 0.19357242332946828,
        "L_over_D": 7.4392005691615175,
        "drag_N": 6.592000042433,
        "lift_N": 49.03921046758032,
        "pressure_drag_N": 5.901306194624199,
        "viscous_drag_N": 0.6906938995053079,
        "rows": 400,
        "coeff_source": "D:\\AI code\\flying wing tool\\Full Set\\FWT_V1-0\\BARAM\\studies\\x48_10ft_fine_validation\\variants\\takeoff_fine\\IntendedValidation2.bm\\case\\postProcessing\\force-mon-1\\0\\coefficient_0.dat",
        "force_source": "D:\\AI code\\flying wing tool\\Full Set\\FWT_V1-0\\BARAM\\studies\\x48_10ft_fine_validation\\variants\\takeoff_fine\\IntendedValidation2.bm\\case\\postProcessing\\force-mon-1_forces\\0\\force_0.dat",
        "drag_dir": [
          0.99605,
          0.0,
          0.0887971
        ],
        "lift_dir": [
          -0.0887971,
          0.0,
          0.99605
        ]
      },
      "methods": {
        "aerobuildup": {
          "CD": 0.03475264231401837,
          "CL": 0.5239572610741364,
          "L_over_D": 15.076760389605969,
          "lift_N": 132.73808456068886,
          "drag_N": 8.804151630094188,
          "delta_vs_cfd": {
            "delta_CD": 0.008732047556578443,
            "delta_CD_percent": 33.558216627933675,
            "delta_CL": 0.33038483774466815,
            "delta_CL_percent": 170.67763685653688,
            "delta_L_over_D": 7.6375598204444515
          }
        },
        "lifting_line_plus_sep": {
          "CD": 0.02445114224900974,
          "CL": 0.2147794002430993,
          "L_over_D": 8.78402317796821,
          "lift_N": 54.41170169665549,
          "drag_N": 6.1943941397068585,
          "delta_vs_cfd": {
            "delta_CD": -0.0015694525084301858,
            "delta_CD_percent": -6.031578152076793,
            "delta_CL": 0.02120697691363102,
            "delta_CL_percent": 10.955577529520239,
            "delta_L_over_D": 1.3448226088066928
          }
        },
        "calibrated_bwb_surrogate": {
          "CD": 0.03466493703887763,
          "CL": 0.21118411216234156,
          "L_over_D": 6.092153345771062,
          "lift_N": 53.50087997752269,
          "drag_N": 8.781932584586194,
          "delta_vs_cfd": {
            "delta_CD": 0.008644342281437706,
            "delta_CD_percent": 33.22115563467694,
            "delta_CL": 0.017611688832873285,
            "delta_CL_percent": 9.098242678347557,
            "delta_L_over_D": -1.3470472233904554
          }
        }
      }
    }
  }
}